{
  "channels": [
    "volts",
    "amps"
  ],
  "data": [
    {
      "time": 5.4836273193359375e-06,
      "values": [
        6.0,
        0.0
      ]
    },
    {
      "time": 23.714014768600464,
      "values": [
        0.0,
        0.0
      ]
    }
  ]
}