{
  "channels": [
    "volts",
    "amps"
  ],
  "data": [
    {
      "time": 3.0994415283203125e-06,
      "values": [
        6.0,
        0.0
      ]
    },
    {
      "time": 23.296072244644165,
      "values": [
        0.0,
        0.0
      ]
    }
  ]
}